URL,Selector,CSV File,Number of Rows,Date/Time,Status,Ingestion Method
https://thehoneycombers.com/hong-kong/ultimate-things-to-do-in-hong-kong/,#genesis-content,Hello Hong Kong! Here are 82 things to do in Hong Kong you must have on your bucket list.csv,85,2024-11-13 14:47:48,Success
https://thehoneycombers.com/hong-kong/ultimate-things-to-do-in-hong-kong/,#genesis-content,Hello Hong Kong! Here are 82 things to do in Hong Kong you must have on your bucket list.csv,85,2024-11-13 14:52:55,Success
https://thehoneycombers.com/hong-kong/ultimate-things-to-do-in-hong-kong/,#genesis-content,Hello Hong Kong! Here are 82 things to do in Hong Kong you must have on your bucket list.csv,85,2024-11-13 14:57:59,Success
https://thehoneycombers.com/hong-kong/ultimate-things-to-do-in-hong-kong/,#genesis-content,Hello Hong Kong! Here are 82 things to do in Hong Kong you must have on your bucket list.csv,85,2024-11-13 15:07:42,Success
https://thehoneycombers.com/hong-kong/ultimate-things-to-do-in-hong-kong/,#genesis-content,Hello Hong Kong! Here are 82 things to do in Hong Kong you must have on your bucket list.csv,85,2024-11-13 15:08:08,Success
https://thehoneycombers.com/hong-kong/ultimate-things-to-do-in-hong-kong/,#genesis-content,Hello Hong Kong! Here are 82 things to do in Hong Kong you must have on your bucket list.csv,85,2024-11-13 15:21:21,Success
https://thehoneycombers.com/hong-kong/ultimate-things-to-do-in-hong-kong/,#genesis-content,Hello Hong Kong! Here are 82 things to do in Hong Kong you must have on your bucket list.csv,85,2024-11-13 15:22:58,Success
https://thehoneycombers.com/hong-kong/ultimate-things-to-do-in-hong-kong/,#genesis-content,Hello Hong Kong! Here are 82 things to do in Hong Kong you must have on your bucket list.csv,85,2024-11-13 15:25:21,Success,Manual
https://thehoneycombers.com/hong-kong/ultimate-things-to-do-in-hong-kong/,#genesis-content,Hello Hong Kong! Here are 82 things to do in Hong Kong you must have on your bucket list.csv,85,2024-11-13 15:48:36,Success,Manual
https://thehoneycombers.com/hong-kong/ultimate-things-to-do-in-hong-kong/,#genesis-content,Hello Hong Kong! Here are 82 things to do in Hong Kong you must have on your bucket list.csv,85,2024-11-13 15:54:51,Success,Manual
https://thehoneycombers.com/hong-kong/ultimate-things-to-do-in-hong-kong/,#genesis-content,thehoneycombers.com-ultimate-things-to-do-in-hong-kong.csv,85,2024-11-13 15:59:56,Success,Manual
https://thehoneycombers.com/hong-kong/ultimate-things-to-do-in-hong-kong/,#genesis-content,thehoneycombers.com-ultimate-things-to-do-in-hong-kong.csv,85,2024-11-13 16:03:26,Success,Manual
https://thehoneycombers.com/hong-kong/ultimate-things-to-do-in-hong-kong/,#genesis-content,thehoneycombers.com-ultimate-things-to-do-in-hong-kong.csv,85,2024-11-13 16:06:56,Success,Bulk
https://thehoneycombers.com/hong-kong/ultimate-things-to-do-in-hong-kong/,#genesis-content,thehoneycombers.com-ultimate-things-to-do-in-hong-kong_1.csv,85,2024-11-13 16:10:31,Success,Manual
https://thehoneycombers.com/hong-kong/ultimate-things-to-do-in-hong-kong/,#genesis-content,thehoneycombers.com-ultimate-things-to-do-in-hong-kong.csv,85,2024-11-13 16:13:46,Success,Manual
https://thehoneycombers.com/hong-kong/ultimate-things-to-do-in-hong-kong/,#genesis-content,thehoneycombers.com-ultimate-things-to-do-in-hong-kong_1.csv,85,2024-11-15 14:07:36,Success,Bulk
https://thehoneycombers.com/hong-kong/ultimate-things-to-do-in-hong-kong/,#genesis-content,thehoneycombers.com-ultimate-things-to-do-in-hong-kong_2.csv,85,2024-11-15 14:12:57,Success,Bulk
https://thehoneycombers.com/hong-kong/ultimate-things-to-do-in-hong-kong/,main,thehoneycombers.com-ultimate-things-to-do-in-hong-kong_3.csv,85,2024-11-15 14:23:25,Success,Manual
https://thehoneycombers.com/hong-kong/ultimate-things-to-do-in-hong-kong/,main,thehoneycombers.com-ultimate-things-to-do-in-hong-kong_4.csv,85,2024-11-15 15:07:00,Success,Manual
https://thehoneycombers.com/hong-kong/best-water-activities-hong-kong/,#genesis-content,thehoneycombers.com-best-water-activities-hong-kong.csv,9,2024-11-15 15:17:48,Success,Manual
https://thehoneycombers.com/hong-kong/best-water-activities-hong-kong/,#genesis-content,thehoneycombers.com-best-water-activities-hong-kong_1.csv,9,2024-11-15 16:31:41,Success,Manual
https://thehoneycombers.com/hong-kong/best-water-activities-hong-kong/,#genesis-content,thehoneycombers.com-best-water-activities-hong-kong_2.csv,9,2024-11-18 18:11:12,Success,Manual
